n,Structure,Operation,AverageTime,Operations,Complexity
100,DynamicArray,Insert Beginning,1191740,599500,O(n)
100,LinkedList,Insert Beginning,17140,0,O(1)
100,DynamicArray,Remove Beginning,16061960,599500,O(n)
100,LinkedList,Remove Beginning,31060,0,O(1)
100,DynamicArray,Insert Middle,587160,549500,O(n)
100,LinkedList,Insert Middle,198660,49000,O(n)
100,DynamicArray,Remove Middle,15710520,549500,O(n)
100,LinkedList,Remove Middle,118300,49000,O(n)

1000,DynamicArray,Insert Beginning,131460,1499500,O(n)
1000,LinkedList,Insert Beginning,7000,0,O(1)
1000,DynamicArray,Remove Beginning,15954220,1499500,O(n)
1000,LinkedList,Remove Beginning,12220,0,O(1)
1000,DynamicArray,Insert Middle,73900,999500,O(n)
1000,LinkedList,Insert Middle,747940,499000,O(n)
1000,DynamicArray,Remove Middle,9586780,999500,O(n)
1000,LinkedList,Remove Middle,736020,499000,O(n)

10000,DynamicArray,Insert Beginning,809340,10499500,O(n)
10000,LinkedList,Insert Beginning,40240,0,O(1)
10000,DynamicArray,Remove Beginning,706540,10499500,O(n)
10000,LinkedList,Remove Beginning,32720,0,O(1)
10000,DynamicArray,Insert Middle,381480,5499500,O(n)
10000,LinkedList,Insert Middle,7691720,4999000,O(n)
10000,DynamicArray,Remove Middle,304780,5499500,O(n)
10000,LinkedList,Remove Middle,8082780,4999000,O(n)

100000,DynamicArray,Insert Beginning,8336360,100499500,O(n)
100000,LinkedList,Insert Beginning,31780,0,O(1)
100000,DynamicArray,Remove Beginning,8957900,100499500,O(n)
100000,LinkedList,Remove Beginning,25060,0,O(1)
100000,DynamicArray,Insert Middle,3915140,50499500,O(n)
100000,LinkedList,Insert Middle,81942220,49999000,O(n)
100000,DynamicArray,Remove Middle,3582120,50499500,O(n)
100000,LinkedList,Remove Middle,79073080,49999000,O(n)